Trade Date,Open (Rs.),High (Rs.),Low (Rs.),Close (Rs.),TradeVolume,ShareVolume,Turnover (Rs.)
3/14/25,136.75,138.5,136.5,137.5,103,513332,70578150.5
3/12/25,138.5,138.5,132,136.5,135,650407,87999185
3/11/25,136.25,136.25,130,133,296,451646,60759673.5
3/10/25,135,140,135,138,95,102719,14175357.5
3/7/25,140,140.25,138,140,123,774888,108437559.3
3/6/25,138.5,142,138,140.5,209,410792,57519676.75
3/5/25,131.5,138,131.25,137.25,209,694674,95222449.25
3/4/25,133,133.5,130.25,132.75,212,148447,19634325
3/3/25,137,137.5,132.5,133,246,61668,8329057
2/28/25,137.5,138,137,137.5,86,53303,7320518.75
2/27/25,136,138.5,136,137,136,168527,23050359.75
2/25/25,139.25,139.5,136,136.25,248,303384,41446369
2/24/25,140.25,141,138,139.5,182,171098,23840340.5
2/21/25,141.25,144,140,140.5,165,143910,20330726.5
2/20/25,143,143,141,141.5,186,352110,49952856.25
2/19/25,145.5,146.5,141.5,143,208,206037,29580822.75
2/18/25,149,149.25,144,145.5,361,516615,75716184.25
2/17/25,141.5,148,141.5,147,409,901088,130925881.8
2/14/25,137.75,142.75,137.75,141.75,519,1303253,182862102.3
2/13/25,133,136,133,135.75,135,525964,70932672.25
2/11/25,135.75,135.75,132,134,256,365755,49143215.5
2/10/25,138.5,139,135,135.75,173,231724,31473047.25
2/7/25,138.5,139,135,138.5,195,209086,28632581.75
2/6/25,135,139.5,134.75,138,304,615465,84764898.75
2/5/25,140,140,135,137.25,450,895800,123410786.8
2/3/25,142,142.5,139.5,140,204,382157,53660323
1/31/25,141,144,140,142,180,228373,32425886.25
1/30/25,143.25,143.75,141.75,142,165,162826,23221263.25
1/29/25,140,146,140,143.25,427,488976,70380337.5
1/28/25,142,142.5,139.75,140.25,217,266856,37727714.75
1/27/25,138.5,142.5,136.5,142,317,474924,66783258.75
1/24/25,140,142,136,139.25,299,194806,27166739.5
1/23/25,134.75,142.75,134,141,684,1336768,186247416.5
1/22/25,134,136.5,131.25,135,391,876640,118386706.3
1/21/25,131,135,129.5,132,318,303319,40038484.75
1/20/25,130,131,129,129.5,222,295195,38282161.25
1/17/25,129.25,130,128.75,129,239,426840,55117713.25
1/16/25,131,131,129.25,130.25,180,285126,37139856.5
1/15/25,128,131,126.75,130,202,396281,51474948.75
1/10/25,127.5,130,122.25,128,341,324730,40791200.75
1/9/25,129.75,132,127.5,128.25,220,269261,34995646
1/8/25,126.5,132.5,126.5,129.5,258,410677,53564004.25
1/7/25,129.5,130,125,129.25,382,438142,55890870.5
1/6/25,132.5,132.5,125,129.75,727,976637,124251731
1/3/25,133.5,137,125,128.5,820,1126407,148945447.8
1/2/25,130.75,134.5,130,134,493,485730,64143940
12/31/24,128.25,132,128,131.25,667,1037017,134744153.8
12/30/24,126,128.75,125.25,128,429,808753,103320347.5
12/27/24,126,126.75,124,125.25,327,559343,70078495.75
12/26/24,123.5,128.5,123.5,126,554,735246,92952746.5
12/24/24,117.25,125,116,123.75,826,1312849,157665890.3
12/23/24,118.5,119,117.25,118,335,551272,65131983.5
12/20/24,118.5,119,118,118.5,223,272887,32292528.75
12/19/24,118.5,118.75,117,118,163,130409,15364932
12/18/24,117,119.25,117,118.5,269,425612,50294772
12/17/24,118,119.25,116,118.25,314,696991,82147764.75
12/16/24,118,119,116.5,118.75,336,858182,101440269.8
12/13/24,118,118.75,117,118,299,576730,68113774.5
12/12/24,117,118.25,117,118,258,356547,41939691.75
12/11/24,117,117.5,116,117,301,635555,74376996.5
12/10/24,115.5,118.25,115,117,529,715177,83257993.5
12/9/24,110,116.25,109.75,115.25,972,3069109,347856977.5
12/6/24,105,110.25,105,109,387,657312,71583018.5
12/5/24,108,108,106,106,190,146367,15679154
12/4/24,105,107.5,104.25,107,287,730276,77836834.75
12/3/24,102.5,105.5,102.5,105.25,142,228965,24050003.25
12/2/24,102,105,101.75,104.75,133,327282,34133076.25
11/29/24,104,105,102,102.75,142,47987,4947532.25
11/28/24,102.5,105.25,102.5,104.75,168,294951,30907256.5
11/27/24,103,104,102.5,103.75,85,62149,6423435
11/26/24,101.75,103,101.5,102,91,104103,10627885.25
11/25/24,102.75,103.5,101.25,101.5,164,326564,33230646
11/22/24,102,103,102,102.5,118,155733,15999159.75
11/21/24,104,104,102,102,195,141642,14468303.25
11/20/24,103.75,104,103,103.75,76,61791,6396878
11/19/24,104.5,105,103.5,103.75,117,115003,11962332
11/18/24,105.5,107.5,104,104.5,259,484148,51103089.75
11/14/24,106,106.5,104.25,105,149,213056,22476535.25
11/13/24,104,104.75,103.25,104,158,235713,24520187
11/12/24,101.75,104,101.75,103.75,128,204367,21032759.75
11/11/24,103,103,101.75,102,150,78506,8022558.75
11/8/24,102.5,104,102.5,103,144,84570,8729147.25
11/7/24,104,104,102.5,103.25,132,95062,9806276.25
11/6/24,103.5,104.75,103,104,133,100462,10390204.25
11/5/24,105,105.5,103,104,128,137248,14313384.5
11/4/24,105,105.5,104,105,138,184431,19352033.25
11/1/24,106.25,106.25,105,105.25,147,177600,18698792.75
10/30/24,104.25,106.5,103.75,106,278,5044643,534284221.3
10/29/24,105,106,103.5,104,192,159360,16589828.5
10/28/24,106,106.25,104,105,161,1447208,153372590
10/25/24,105.5,107.25,105.25,106,319,729896,77532680.25
10/24/24,102,106.25,102,105.5,355,8530425,903925041.5
10/23/24,102.75,104,101.25,103,123,772367,79971706
10/22/24,101.25,103.5,100.75,102,144,140155,14254477.25
10/21/24,103.75,103.75,101.25,101.5,139,48124,4914278.5
10/18/24,103.75,103.75,102.75,103.5,87,56213,5805600.25
10/16/24,103,104,102.75,103.5,108,216031,22352845
10/15/24,105,105,103,103,145,204566,21151982
10/14/24,105,105.25,103.5,103.75,145,186410,19387228.25
10/11/24,106.25,107.5,104,105.25,266,275822,29170370
10/10/24,102.5,106.5,102.5,105.75,365,1302786,136305991.3
10/9/24,105.5,106.75,102,102.75,361,487580,51018286.5
10/8/24,99.6,105.5,99,104.75,569,1168331,121216028
10/7/24,99.6,101,98.5,100.25,222,475060,47521108.8
10/4/24,98.2,100,98,99.4,150,544692,53797637.9
10/3/24,98.5,99.9,98.1,98.4,164,322181,31831826.5
10/2/24,101.75,101.75,99,99.8,179,501501,50123251.4
10/1/24,100,102.5,99,101.75,249,800125,81085754.25
9/30/24,100,102,99.1,99.8,244,514780,51639454.7
9/27/24,98,103.75,96.8,99.8,291,723223,72010268.7
9/26/24,97.5,100,95.3,96.7,372,557608,54705863.7
9/25/24,94.9,97.4,94.4,96.5,316,503257,48296710.3
9/24/24,93,94.9,93,94.4,264,402260,37690431
9/23/24,90.9,93.4,89,93,166,291952,26995729.7
9/20/24,92,92,91,91.4,160,149872,13689899.9
9/19/24,91,92.5,90.7,91.5,147,167325,15324141.2
9/18/24,88.5,91.3,88.5,91,152,380531,34307216.6
9/13/24,87.7,88.6,86.8,88.3,260,794889,70150088.6
9/12/24,88.5,88.6,87.6,88,155,136726,12049949.3
9/11/24,88.9,89,88,88.1,95,183030,16142171.6
9/10/24,90,90,88,88.1,122,47055,4159836.7
9/9/24,90.5,92.8,89.7,89.9,97,107595,9689264.6
9/6/24,92.9,92.9,90.7,91.9,22,8726,799977.7
9/5/24,92,94.5,90,92.9,160,269708,24651648.6
9/4/24,88.4,92,88.4,91.5,158,160210,14384451.4
9/3/24,88,88.4,86,87.9,222,272436,23697039.5
9/2/24,89.3,89.3,88,88,254,692027,60942213.5
8/30/24,89.9,90.5,89.4,89.9,142,195291,17551687.8
8/29/24,90.8,90.8,89.6,90,179,1671915,148275276.7
8/28/24,92.9,92.9,89.9,90,251,191471,17264734
8/27/24,94,94,91.5,91.9,190,100009,9233251.3
8/26/24,94.1,94.1,93,93.1,155,572300,53750310.5
8/23/24,94.8,95,94,94,101,346261,32556217
8/22/24,95,95,94.5,94.6,72,45188,4275812.2
8/21/24,94.8,95.6,94.6,95,89,137998,13103824.5
8/20/24,96,96,94.8,94.8,106,46576,4424342.1
8/16/24,96.5,96.5,95,95.8,109,51009,4865664.5
8/15/24,95,96.8,95,95.9,116,137743,13217601.7
8/14/24,94.9,94.9,93.7,94.1,183,729812,68622313.6
8/13/24,93.6,94.9,93.6,94.2,122,231338,21789763.7
8/12/24,96,96,93.5,94,143,36962,3487453.9
8/9/24,95,96,94.2,95.8,93,71983,6856508.9
8/8/24,96,96,95,95,139,215937,20561950.5
8/7/24,96.5,96.5,95.6,95.7,96,55731,5350226.9
8/6/24,95.9,97.5,95.9,96.5,77,192762,18600207.6
8/5/24,99.2,99.2,95.3,95.6,212,432133,41431975.2
8/2/24,99.3,99.5,99,99.2,72,44054,4370113.1
8/1/24,100,100,99,99.2,44,33919,3364482.2
7/31/24,99.1,99.8,98.6,99,101,303694,30068412
7/30/24,100.25,102,100,100,127,434832,43565360
7/29/24,102,102,100.5,101,100,267473,27075234.75
7/26/24,102,102.5,100.5,102,62,63469,6463021.75
7/25/24,100.5,102,100.25,101,84,286728,28974156.5
7/24/24,100.75,101.75,100,101.5,76,65070,6591461.25
7/23/24,99.8,101,99.5,100.75,169,228198,22812703.65
7/22/24,101,101,99.8,100,245,924600,92478106
7/19/24,102,102,100,101,140,2844800,288818475.8
7/18/24,101.5,102.5,100,100.25,130,761177,76938490.75
7/17/24,101.5,102,100.25,101.5,139,1551498,156742492.5
7/16/24,102,102,100.25,101.25,136,659279,66586582.25
7/15/24,100,102.25,100,101.25,106,84477,8542338
7/12/24,98.2,101.25,98.2,101,235,510503,51047860.8
7/11/24,100,100,98.5,99,119,78618,7785169.4
7/10/24,98.8,100,98.8,99.9,138,190082,18852507.2
7/9/24,99.1,99.1,97.8,98.4,313,321201,31565095.6
7/8/24,102,102,99.2,99.4,225,190755,19072382
7/5/24,101.25,102.5,100.75,102,159,189327,19198576.75
7/4/24,101.5,103,100.75,101.25,334,609349,62037429.25
7/3/24,105.25,105.25,101.5,102,430,807790,83262280.25
7/2/24,105,106.25,105,105.5,148,210967,22300996.75
7/1/24,106.5,106.5,104,105,220,1339485,140616302.5
6/28/24,105.5,107,104.5,106.25,205,907836,95919148.25
6/27/24,106.25,106.5,104.25,105.5,234,537267,56454994
6/26/24,106,108.25,106,106.5,374,2058737,220978014.3
6/25/24,106,106.5,105.25,106,162,651957,68695055.75
6/24/24,105,107.5,105,105.75,350,835950,88602280
6/20/24,103.75,105.75,103.75,105,278,383086,40142943.5
6/19/24,103.25,104.5,102.5,103.75,228,894202,92219544.25
6/18/24,104.75,104.75,103.25,103.5,265,355726,37019020
6/14/24,106,106,103.5,104.75,509,736683,77001998.75
6/13/24,109,109,105.25,106,534,950535,101950447.3
6/12/24,105.25,108.75,105,108,1171,1759497,188799418.3
6/11/24,101.25,106.75,101,105.25,1674,10089197,1056809647
6/11/24,101.25,106.75,101,105.25,1674,10089197,1056809647
6/10/24,96.6,101.5,96.6,100.25,1008,1854589,184171105.9
6/7/24,95.1,96.7,95,96.1,356,464134,44374043.8
6/6/24,95,95.5,94.5,95,260,867573,82435565.5
6/5/24,95,95.3,94.1,94.6,99,45614,4309945.9
6/4/24,94.4,95.4,93.9,94.6,325,902374,85594993.4
6/3/24,93.1,94.4,93,94,197,375366,35052266.5
5/31/24,93,93.8,92.5,93.1,146,319814,29768175.2
5/30/24,91.6,93.8,91.6,92.9,86,113405,10480794.5
5/29/24,92.7,92.7,91.5,92,115,130169,11963037.5
5/28/24,93.5,93.9,91.8,92.5,129,135112,12475692.2
5/27/24,94.5,94.7,93,93.6,107,65107,6115891.3
5/22/24,92.9,94.9,92,93.8,264,633119,59302914.9
5/21/24,92.7,93,90.6,92.6,157,296933,27302184.3
5/20/24,93,94,90.5,92.7,351,794716,73464259.8
5/17/24,91.8,92.8,91.5,92.4,194,218823,20126159.5
5/16/24,91,92.5,91,91.2,148,342722,31232090.8
5/15/24,91.7,93,91,91.1,235,372361,34128002.1
5/14/24,93.4,93.6,91.2,91.9,302,230551,21211901.1
5/13/24,94.1,94.1,92.5,93.3,185,530927,49312305.4
5/10/24,93,94.4,93,94.1,192,827466,77654745
5/9/24,94.5,94.5,92.1,93.5,349,390536,36352923.3
5/8/24,93.2,96.9,93.2,94.8,485,1124780,107219988.2
5/7/24,93,93.4,92.8,93.1,235,192408,17900706.1
5/6/24,93.9,94.5,92,92.9,479,376456,34908792.6
5/3/24,94.7,94.9,93.3,94.1,436,359204,33827172.3
5/2/24,91,95.7,91,93.9,1023,4462778,417834990.6
4/30/24,90,91.5,88,91,518,507707,45881520.1
4/29/24,86,90.7,86,90,945,2180775,191911540.9
4/26/24,85,86.5,83,83.3,412,6112755,508499821.9
4/25/24,84.9,86,83.5,85,267,470032,39897754
4/24/24,82.5,85,82.5,84.9,372,434875,36597765.5
4/22/24,81.5,81.9,81,81.1,155,90426,7341603.2
4/19/24,80.7,81,80,80.5,250,219565,17619570.4
4/18/24,82.4,83,81.1,81.2,237,207418,16851187.2
4/17/24,82,84,81,82.7,226,113171,9290794.5
4/16/24,83.5,84,82,82.5,341,406459,33713035.1
4/15/24,85.5,85.5,83,83.4,302,179556,15093203.3
4/10/24,86,86.2,84.6,85.7,341,214855,18383464.7
4/9/24,88.9,89.9,87.9,89.3,463,1230503,109034268.2
4/8/24,88.5,89.4,88,88.6,262,506814,44893186.9
4/5/24,87,89,86.8,88.5,266,612932,53943166.8
4/4/24,86.2,88,86,87.2,257,364420,31769564.6
4/3/24,85.8,86.2,85,86,233,2679978,228066585.1
4/2/24,85.4,86,85.2,85.6,327,1092122,93209622.5
4/1/24,83,85.9,83,85.1,552,718368,61141915.5
3/28/24,82.6,83,82,82.1,249,286624,23599554.4
3/27/24,83,83.2,82,82.2,243,292637,24192372.4
3/26/24,83.5,84,82.5,82.7,197,834098,68542189.4
3/25/24,84,84.4,82.6,83,186,298094,24764633.7
3/22/24,82.6,84,82.4,83.8,216,2535950,210639570.3
3/21/24,83.9,83.9,82,82.3,315,261854,21600327
3/20/24,83.2,84.4,83,83.9,106,162578,13519653.5
3/19/24,85.8,85.8,83.2,83.3,153,361938,30538837.4
3/18/24,86,86,84,85,149,115798,9841789
3/15/24,85.6,86.2,85,85.5,107,111562,9542560
3/14/24,85.5,86.5,85.4,85.6,116,71405,6152092.2
3/13/24,83,86.4,82.9,85.3,327,2136456,179643064.9
3/12/24,84.5,84.5,82.9,83.1,204,183256,15294263.5
3/11/24,84.4,85,83.8,83.9,167,180268,15213413.3
3/7/24,83,84.9,83,84.6,195,392063,32985072.7
3/6/24,83,84,82.5,83.7,145,84089,6988374.3
3/5/24,84.3,85,82.6,83.1,167,163828,13816996.8
3/4/24,81.6,84.5,81,83.8,242,546100,44996817.9
3/1/24,81.6,81.6,80,81.4,81,72349,5869420.6
2/29/24,82,82,80.4,81.1,110,76327,6209062.5
2/28/24,79.5,83,79.5,82,390,958892,78122166.7
2/27/24,76.5,79.8,76.5,78.6,146,1262946,97278903.2
2/26/24,77,77,76,76.5,104,1068647,82248803.8
2/22/24,76.3,77.2,76.3,76.6,48,20969,1603641.1
2/21/24,76.9,77.2,76,77.1,89,83359,6413541.8
2/20/24,77,77,76,76.5,64,774082,59214807.8
2/19/24,76.5,77.1,76,76.9,85,205422,15621983.8
2/16/24,76.8,77,76.2,76.9,40,29229,2249190.8
2/15/24,76.5,77,75.5,76.2,59,68338,5247469
2/14/24,75.1,77.3,75.1,76.5,86,48166,3701220.9
2/13/24,75.2,76,75,75.1,76,52356,3936029.2
2/12/24,76.4,76.5,75,75.2,89,93164,6995179.6
2/9/24,77.5,77.5,76.4,76.5,44,9923,761219.1
2/8/24,75.6,78,75.6,77.5,153,96116,7453149
2/7/24,75,75.6,74.9,75,94,217464,16316168.5
2/6/24,74,75.5,73.6,75,109,87399,6513534.9
2/2/24,73.9,73.9,73,73.1,94,83212,6085784.4
2/1/24,73,73.9,72.9,73.5,78,278212,20415918.9
1/31/24,73.5,73.8,72.7,73.2,63,14956,1095786.9
1/30/24,74,74,72.8,73.1,55,45776,3342813
1/29/24,74.5,74.5,72.8,73,73,53465,3913815.4
1/26/24,73,74.5,73,73.1,79,57058,4190829.9
1/24/24,72.5,73.6,72.5,73,71,42721,3115998
1/23/24,73,73.6,72.7,73,94,78483,5714343.4
1/22/24,73.5,73.7,73,73.4,80,144545,10601494.1
1/19/24,74,74,73.5,73.5,52,23501,1728154.6
1/18/24,73.5,74,73,73.8,67,26119,1919558.6
1/17/24,74.5,74.5,73.5,73.5,66,70172,5163931.2
1/16/24,74.7,74.9,74,74.3,61,110111,8174970.9
1/12/24,74.5,76,74.5,74.9,41,25478,1924941.5
1/11/24,75.5,75.5,74,74,77,83736,6202821.5
1/10/24,76,76,74.2,74.5,67,131561,9828191.5
1/9/24,76,76.6,75.5,76,87,321231,24414379.8
1/8/24,76.5,77.3,75.5,75.7,122,336749,25617936.4
1/5/24,74.5,77,74.5,76.7,139,125627,9517871.9
1/4/24,74.9,74.9,74.2,74.5,78,308162,22969105.7
1/3/24,74.5,74.9,73.7,74.6,119,91918,6810509.7
1/2/24,71.6,74.5,71.6,73.4,96,42284,3096993.6
12/29/23,71.5,71.5,71,71.4,169,761281,54058924.3
12/28/23,71,72,70.9,71.5,105,86938,6233500.2
12/27/23,72,72,71,71,180,44141,3158474.2
12/22/23,73,73,71.7,71.9,157,58885,4244350.1
12/21/23,72.6,74,72.6,73.1,44,16613,1217251.1
12/20/23,71.8,73,71.8,72.5,84,30454,2208261.5
12/19/23,74.5,74.5,71,71.8,262,97271,7067364.5
12/18/23,74.8,74.8,73.8,74.1,64,25004,1852502.7
12/15/23,74.4,74.5,73.9,74.2,65,68781,5107356.9
12/14/23,74.8,74.8,73.8,74,81,48318,3594200.9
12/13/23,74,75.5,73.5,74.2,154,90071,6655209.7
12/12/23,75.5,75.5,73.8,74.3,185,221223,16480607
12/11/23,75,75.5,73.9,75,168,259203,19371366.8
12/8/23,74,75,73.9,74,235,614486,45492585.2
12/7/23,75,75,73.5,73.8,130,59121,4377459.2
12/6/23,74.9,75,74,74.3,95,18839,1399590.4
12/5/23,75.5,75.5,74.2,74.4,135,155190,11570383.5
12/4/23,75,75.5,74.7,74.7,198,186072,13949643.4
12/1/23,75.3,76,74.7,75,124,83186,6238730.6
11/30/23,75,75.4,74.8,75,120,96913,7271494
11/29/23,75.2,75.2,74.9,75,90,59518,4463284.8
11/28/23,75.2,76,74.8,74.9,151,91124,6845444.1
11/27/23,76,76,75.3,75.5,81,119292,9021229.9
11/24/23,76.9,76.9,74.8,75,135,356364,26818801.7
11/23/23,75.5,76,74.9,75,176,124209,9320758.2
11/22/23,76.9,79,75,75.9,129,211148,16012467.6
11/21/23,75.9,76.9,75,75.1,166,518121,39141621.5
11/20/23,76,76.9,75.4,75.7,119,46163,3508972.3
11/17/23,75.5,77,75.5,76,128,88890,6754000.9
11/16/23,77,77,74.5,75.5,332,305443,23006020.3
11/15/23,78.6,79,76.7,76.9,429,399937,31016212.7
11/14/23,80.9,80.9,78.5,78.8,379,359837,28585679.7
11/13/23,81.4,81.8,80.1,80.4,337,272978,22006385.5
11/10/23,83.8,83.8,81.4,81.8,198,154793,12671934.3
11/9/23,84.4,84.4,81.5,82.3,154,38778,3201682.7
11/8/23,85,85.9,83,84.4,101,100107,8403262.6
11/7/23,84.9,86,84,84.2,152,253339,21476335.8
11/6/23,85,86,84.5,85.1,79,83296,7081528.1
11/3/23,86.4,86.5,84,84.9,67,96516,8250845.6
11/2/23,84,87,83.5,86,155,320260,27462231.1
11/1/23,82,83.5,82,83.5,63,43679,3626473.4
10/31/23,84.1,84.3,82,82.7,114,105079,8670445.4
10/30/23,85.8,85.8,83.5,83.7,68,49323,4126076.7
10/27/23,84,85.6,82.9,85.1,95,207527,17581929.5
10/26/23,82.4,82.6,81,81.9,132,68014,5552446.5
10/25/23,83.5,84,81.5,81.6,236,263807,21552756.7
10/24/23,86.9,86.9,83.5,83.6,165,428442,35659347.7
10/23/23,88,88,85,85.3,112,93840,8094516
10/20/23,82.6,85.7,82.6,85,166,145837,12376221.5
10/19/23,82,83.6,81,83,210,140183,11479712.3
10/18/23,85,85,82,82.3,257,151950,12617814.8
10/17/23,86.2,86.9,84.5,85,152,200148,17117604.4
10/16/23,88.1,88.7,86.3,86.5,143,165247,14365204.7
10/13/23,88.6,89,88,88.1,112,162336,14348856.8
10/12/23,86.5,89,86,88.5,105,362486,32097332.5
10/11/23,89,89,86.5,87,141,70668,6159267.9
10/10/23,89,90,88,88.1,170,501543,44280815.5
10/9/23,89.3,89.9,85.5,88,283,1248548,109664662.8
10/6/23,89.5,90,89,89.5,92,186354,16643404.6
10/5/23,91,91.5,89.2,89.5,132,191214,17277570.5
10/4/23,90,91.3,88,90.9,201,144704,12915527.7
10/3/23,91.5,91.8,89.5,89.8,260,218212,19683748
10/2/23,92.9,92.9,91,91.5,161,95985,8807547
9/27/23,93.5,93.8,92.9,93,96,579624,54062319.1
9/26/23,92,93.5,92,93.5,86,44091,4110363.9
9/25/23,93,93.4,92,93,90,98585,9142784.8
9/22/23,92.2,93,92,92.8,132,260491,24157297.9
9/21/23,94,94.4,92.1,92.5,160,102470,9537335.7
9/20/23,93.3,94.1,93,93.4,69,53961,5042552.7
9/19/23,94.2,94.2,93,93.4,192,163353,15289596.6
9/18/23,95.7,96.9,94,94.3,150,182278,17291837.5
9/15/23,97.3,97.6,95.5,96.6,209,261366,25471591.4
9/14/23,95.1,97.9,95,97.2,482,1072437,103653982.9
9/13/23,93.5,95.4,93.5,95,271,1222141,116098935.2
9/12/23,94.5,95.4,93.5,93.8,194,583137,55149344.7
9/11/23,94,94.5,93.4,94.4,159,405514,38116120.8
9/8/23,93.3,94.3,92.5,94,171,148564,13946420.1
9/7/23,92.5,94,92,93.8,148,207930,19395705.3
9/6/23,94.4,94.4,92,92.6,329,353327,32746183.8
9/5/23,96.3,96.3,93.6,94.1,358,257113,24380061.8
9/4/23,95,96.5,94.6,96,751,1110920,106577174.8
9/1/23,90.2,95.9,90,94.9,1310,3337477,310713984
8/31/23,88.5,90.8,88.5,90.2,297,662633,59558565.7
8/29/23,88.5,90,88.1,88.4,109,60117,5325190.2
8/28/23,90.8,91.7,88,88.8,371,256958,23268081.4
8/25/23,86.5,91.1,86.4,90.6,447,1003630,90263817.3
8/24/23,87,87.5,86,86.9,72,34520,2991093.6
8/23/23,86,87.7,85.5,86.7,200,775697,66932966.5
8/22/23,86,86.9,85.5,86,161,288202,24802710.1
8/21/23,88.4,88.4,85.9,86,250,367791,31832436.5
8/18/23,88,88,86.2,87.5,214,418284,36415422.5
8/17/23,89.1,89.1,86.6,88,220,454706,39765618.8
8/16/23,88,89.2,87.2,89.1,223,318108,28212256.1
8/15/23,89.4,89.4,87.5,88.4,223,453815,40118246.5
8/14/23,88.5,90.2,85.1,89.7,921,1719572,152027900
8/11/23,88.5,91.7,88,90.6,666,1216249,109854956.5
8/10/23,87,89.6,86.6,88.8,281,472493,41546583.1
8/9/23,87.5,88,86.3,87.6,233,181327,15811122.6
8/8/23,88,88,85.5,86.1,303,260002,22376274.4
8/7/23,86.5,88.5,85.9,87.5,323,409673,35759506.9
8/4/23,87.6,87.6,86.1,86.5,293,442560,38282653.2
8/3/23,87.6,88,86.6,87,454,984606,85692587.7
8/2/23,88.8,89.8,87,87.6,339,532393,46909764.1
7/31/23,87.5,89.9,86.5,89.2,507,1119518,97726099
7/28/23,87,88.4,86.5,87.9,227,296760,26071485.6
7/27/23,85.7,88.5,85.4,86.8,357,417122,36484627.6
7/26/23,89,89,85.9,86,442,588703,50818474.7
7/25/23,88,90.3,86,88.3,497,471946,41639744.8
7/24/23,89.4,90.4,87.8,88.1,446,342971,30566016.5
7/21/23,90.5,91,89.1,90.2,565,492016,44378732.2
7/20/23,92,92.2,90.5,91,432,605855,55333320.9
7/19/23,93.3,93.3,91.5,91.9,531,780178,71736240.1
7/18/23,94.8,95.4,93,93.6,422,548446,51469013.5
7/17/23,94,95.5,93,94.9,894,2110565,200271803.2
7/14/23,90.5,94.4,89.8,94,841,2013126,186005426.4
7/13/23,91.5,91.7,89.3,90.4,426,808070,72804144.4
7/12/23,89,92,88.1,91.5,935,2373832,215098397.1
7/11/23,85.5,89.2,84.7,88.9,811,3042436,266069763.3
7/10/23,87.8,88.2,85.5,85.9,471,323246,27982059.6
7/7/23,88,89.2,86.7,87.8,482,477242,41755074.2
7/6/23,90,90,86.4,88.8,924,2172501,192808943.3
7/5/23,85.8,89.8,85,88.9,1441,3693716,322184851.1
7/4/23,80.1,85.5,80.1,84.2,1096,4287301,353833764
6/28/23,75.5,78.3,75.5,77.6,290,606054,47023550.8
6/27/23,78,78.1,76,76.1,226,376561,28761169.7
6/26/23,75.5,78.1,73,77.8,487,731727,56380411.3
6/23/23,73.8,75.9,73.8,75.5,307,571165,42901673.6
6/22/23,73.6,74.3,73.6,74.1,204,218352,16164048.2
6/21/23,72,74,72,73.5,224,379569,27765302.1
6/20/23,72,72.5,71.5,72,171,639752,46061656.3
6/19/23,71.7,72.5,71,72,219,848803,61054443.2
6/16/23,73,73,71.5,72,205,394584,28377293.6
6/15/23,72.1,73.2,72,73,251,750868,54543854.3
6/14/23,71.9,73,71.5,72,352,1494978,107871145.3
6/13/23,72,72,71.5,71.6,203,514561,36890572.3
6/12/23,71.9,72.5,71.2,71.9,253,517209,37224900.6
6/9/23,70,71.8,70,71.1,218,5284572,375216961.5
6/8/23,69.5,70.5,69.5,70.1,205,828102,57974787.3
6/7/23,69.3,69.6,68.5,69.4,191,475655,32804607.4
6/6/23,69,69.7,68.5,69.2,60,44877,3095547.2
6/5/23,69.3,70.4,68.9,69.2,162,218833,15198020.5
6/2/23,70.1,72,69.2,69.4,198,414953,29084137.6
6/1/23,66,70.6,66,68.6,208,558496,38098701
5/31/23,66.7,66.7,65.8,66.1,138,64256,4247800.5
5/30/23,66.6,67.5,65.6,66,197,130410,8645927.5
5/29/23,68,68,66.1,66.8,179,95571,6402010.3
5/26/23,67,69.9,66.9,68.5,147,144452,9831603.1
5/25/23,67,67,66.4,67,144,200194,13396883.5
5/24/23,66.6,68,66.5,66.9,186,172582,11555756.8
5/23/23,67.5,67.5,66,66.9,245,206217,13718489
5/22/23,67.8,67.8,66.5,66.8,323,248892,16661508.9
5/19/23,68,68.4,67.3,67.8,206,254299,17180109.1
5/18/23,68,68.5,67.6,67.8,122,74707,5069598.7
5/17/23,67.1,68.9,67.1,68.1,55,28944,1966274.3
5/16/23,68.6,69.9,66.9,67.5,281,115302,7800873.6
5/15/23,69.9,70,68.5,69,137,231869,16024480.5
5/12/23,68.6,69.9,68.5,69.7,136,321793,22208065.4
5/11/23,67.9,69,67.6,68.6,159,176852,12065723
5/10/23,67.7,68.2,67.7,68,144,120213,8174272.7
5/9/23,68.1,68.2,67.8,68,215,181759,12357874.6
5/8/23,69,69,67.9,68,223,154636,10526854
5/4/23,67.7,69,67.7,68.3,101,57556,3931239.9
5/3/23,68,69.7,66,67.9,237,152312,10377342.6
5/2/23,68.5,69,66.6,67.1,353,165192,11142340
4/28/23,69,70,67.6,69,218,185568,12732582
4/27/23,69.3,70,68,68.6,345,196692,13493406.1
4/26/23,70,71.3,69.5,69.6,234,269492,18833649.2
4/25/23,71.3,71.3,69.9,70,278,104008,7291956.8
4/24/23,72,72,70.7,70.9,172,55095,3917137.1
4/21/23,73.1,73.1,71,71.8,234,69590,5016042.5
4/20/23,72.3,74,72.2,73.1,146,444679,32245366.2
4/19/23,72.9,74,72,72.4,133,609071,43929434.3
4/18/23,74,74,72.8,72.8,105,35904,2620167.1
4/17/23,72,74,72,73.5,126,96387,7002435.9
4/12/23,73,73,72,72.1,385,365785,26574956.6
4/11/23,73.7,73.9,72.5,73,337,895480,65389182.5
4/10/23,73.2,73.7,72.8,73.3,173,704671,50987336.8
4/6/23,73,73,72.1,72.4,134,127543,9233653.9
4/4/23,73.3,73.3,72,72.4,110,78476,5681256.1
4/3/23,72.8,73.3,72.5,72.5,101,63780,4626006
3/31/23,73.3,73.3,71.7,72,120,419668,30238527.3
3/30/23,74,74,70,71.8,272,77936,5588550.2
3/29/23,74.9,74.9,72.6,73.6,147,55635,4100736.7
3/28/23,73.1,74.8,72.6,73.9,203,123166,9052512.4
3/27/23,74.5,74.8,73,73.1,267,93313,6843554.7
3/24/23,74,75.5,73.1,75,525,802217,59866634.8
3/23/23,79.3,80.4,79,79.7,607,1823740,145723357.1
3/22/23,80.6,80.6,79.2,79.6,443,242173,19303955.4
3/21/23,81.9,82.5,79.8,80.2,510,674048,54934520.3
3/20/23,82,82,80.8,81,420,1159644,94065002.7
3/17/23,80,81,79.5,81,558,1737556,140022874.6
3/16/23,80,81,78.8,79.2,927,865468,69061478.2
3/15/23,78,78.2,77,77.4,204,195173,15151283.8
3/14/23,77.5,78,77,77.8,206,1180433,92023650.4
3/13/23,78,78,76.5,77.7,199,171260,13241434.9
3/10/23,78,78.9,77.7,78,335,686839,53620965.9
3/9/23,78,78.9,77.4,78.2,478,3661729,285757235.3
3/8/23,77,79,76,77.4,661,5488790,424028722.4
3/7/23,76.2,77.5,76,77,350,708871,54570223.8
3/3/23,76,77,75.5,75.8,270,334455,25388461.4
3/2/23,76.6,77,75.3,76.1,155,81508,6195706.9
3/1/23,75.6,78.2,75.6,76.6,280,337150,26162445.9
2/28/23,75.5,75.5,73.9,75.1,235,133323,9977876.2
2/27/23,78.5,78.8,75.5,75.7,364,547292,41934744.1
2/24/23,77.5,78.9,77,78.2,686,2095865,163710052.6
2/23/23,73.3,78,72.7,76.9,1081,2427380,186160652.6
2/22/23,73.9,74.4,72.4,73.5,364,564569,41375769.4
2/21/23,70.6,73.9,70,73.2,354,449724,32445583.7
2/20/23,70,71.7,69.7,70.6,210,167130,11758728.9
2/17/23,70,70.1,68.2,68.9,119,103546,7168887.1
2/16/23,67.9,70.4,67.9,70,184,261637,18185235.8
2/15/23,68.3,68.3,66.5,68,145,86549,5840753.3
2/14/23,68.5,68.5,65,66.9,428,290327,19457690.5
2/13/23,69.9,69.9,68,68.3,266,192539,13206634.8
2/10/23,70,70.5,69,69.7,183,133913,9326560
2/9/23,70,70,69.3,69.7,133,239409,16655815.8
2/8/23,70,70,68.7,69.5,302,283871,19698328.1
2/7/23,71.2,71.2,69.9,70.3,282,485544,34028190.4
2/6/23,72,72.9,70.2,71.2,393,216308,15395866
2/3/23,72.2,73,71.5,71.9,136,71800,5165734.9
2/2/23,71,74,70.6,72,226,189732,13752201.8
2/1/23,70,71.8,69,70.9,385,295634,20802513.5
1/31/23,73.3,73.3,69,69.9,502,352407,24855450.3
1/30/23,70.8,74,70.2,71.3,289,155716,11148415.1
1/27/23,73,73.4,71.5,72.1,288,178971,12929911.2
1/26/23,73.3,73.5,72,72.8,211,73841,5364254
1/25/23,73,74.5,72,73.3,342,317655,23178940.1
1/24/23,74.9,75.8,71.5,72.2,654,484646,35551148.4
1/23/23,76,76.5,74.3,74.6,723,709961,53277615
1/20/23,76.4,78,73.8,74.1,1471,2949247,221114283.6
1/19/23,64.6,75.9,64.3,70.6,1481,3770004,262216540.2
1/18/23,64,65.7,64,64.3,223,267806,17248382.3
1/17/23,63.8,65,63.5,64,239,93931,6005309.6
1/13/23,66,66,63.8,64,259,126682,8122820.1
1/12/23,65,66,64.8,64.9,174,295096,19189507.8
1/11/23,65.2,66,64.9,65.1,286,212685,13833428
1/10/23,66.6,67,65.4,65.6,265,86529,5708706.7
1/9/23,67,67.2,65.7,66.4,256,69510,4610507.3
1/5/23,67.5,67.9,66.9,67,171,67072,4497642.7
1/4/23,67.5,68.5,67,68,121,41678,2811935
1/3/23,68.6,68.6,67,67.4,205,86075,5813562
1/2/23,68.9,68.9,67.4,67.8,214,164619,11201944.9
12/30/22,68,69,67.6,68,242,130833,8932731.9
12/29/22,67.8,68,66.8,67.3,171,114964,7767892.1
12/28/22,69.5,69.5,66.3,66.8,261,138549,9323100.6
12/27/22,69.5,69.7,68,68.1,153,120561,8258464.3
12/23/22,68,68,66.2,67.5,208,71403,4781254
12/22/22,68.5,69.4,67.6,67.7,146,38364,2603915.4
12/21/22,68,69,67.9,68.6,89,29037,1988126.9
12/20/22,69.1,70,67.5,68.5,191,114676,7897975.9
12/19/22,70.8,70.8,69,69.1,200,71715,4971269.8
12/16/22,70,71,70,70.6,139,89122,6252581.5
12/15/22,71.5,71.5,69.6,70.2,307,248325,17461011
12/14/22,70.9,71.5,70.9,71,150,88229,6267665.2
12/13/22,73,73,70.6,71.2,260,193862,13791955.6
12/12/22,73.9,73.9,71.7,72.1,341,231325,16802261.1
12/9/22,74.8,74.9,73.2,73.9,167,66730,4936544.7
12/8/22,74,75.8,73.6,74.8,283,336611,25206575.3
12/6/22,74,74.4,72.7,73.6,255,115854,8502522.7
12/5/22,75,75,73.3,73.9,184,248293,18447714.7
12/2/22,76.2,76.2,71,74,230,250665,18543443.5
12/1/22,76,76.9,74,75.1,232,146904,11159287.1
11/30/22,72.5,74.9,69.7,74,329,288364,21035929.7
11/29/22,71.5,72.3,69.6,70,299,123993,8760505.2
11/28/22,69.8,71.9,69.3,71.1,303,218555,15453665.7
11/25/22,68.5,69.6,66.9,69,197,206846,13941748.3
11/24/22,70,70,65,68.1,310,373555,25629240.2
11/23/22,67.9,72.4,67.8,71.9,290,312183,21949366.5
11/22/22,65,68,64.9,67.3,350,333264,22245054.3
11/21/22,66,66.9,63.8,64,289,165045,10659938.3
11/18/22,67.5,67.5,64,64.6,445,291053,19017269.2
11/17/22,67,68.6,66.5,66.9,227,154720,10433730.8
11/16/22,69,69,66,66.6,345,186564,12479613.2
11/15/22,73.7,73.7,68,68.8,501,267531,18614824.3
11/14/22,74,74,70.6,71.4,211,90211,6554868.1
11/11/22,72,73.5,71.9,72.3,344,307747,22342965.6
11/10/22,72,72,70,70.4,179,79627,5609960.7
11/9/22,71,73,69,70.2,284,134549,9410603.7
11/8/22,76.1,76.1,70,71,423,196224,13969746.9
11/4/22,75.7,77.7,74.5,75.1,307,181521,13655682.6
11/3/22,77,78.5,75.5,76.5,195,73464,5599849.5
11/2/22,78,79.3,77,77.2,263,133856,10414152.2
11/1/22,78,79.4,76.6,77,247,382454,29530971.8
10/31/22,76,78.4,75.1,76.6,271,87115,6631073.7
10/28/22,79,79.5,75.5,76.6,467,173584,13357700.5
10/27/22,77.5,80,77.5,78.4,401,375853,29659086.3
10/26/22,76.8,79.3,76,77.2,406,207001,15976801
10/25/22,78.5,80,75.1,76.7,424,160952,12466772.2
10/21/22,78.9,79.9,77.5,77.9,323,100076,7828168.1
10/20/22,81.5,81.5,78.1,78.6,465,205385,16209011.7
10/19/22,81,83,80.5,80.9,609,841689,68196924.3
10/18/22,82.1,83,80.2,80.9,466,246464,19975867.4
10/17/22,85.9,86.6,82.8,83.2,397,140935,11850679.8
10/14/22,89,89.8,84.5,84.9,508,365951,31367432.8
10/13/22,86,89.9,84.8,88.2,553,352555,30794020.7
10/12/22,78,85.9,76.6,82.2,626,464123,37515964
10/11/22,86,86,78,79.9,928,534061,43074517.1
10/7/22,88,88.9,84,86.4,512,359228,30929427.3
10/6/22,92.9,92.9,87.1,88,728,436061,38698845
10/5/22,90,94.8,89.6,91,555,406274,37060517.9
10/4/22,95,95.4,85,89.6,990,683029,62216641.2
10/3/22,99.8,99.8,95,95.4,538,298222,28593359.4
9/30/22,97,99,96.5,98.2,347,460526,45144039.1
9/29/22,97.9,98.2,96.5,97,413,234008,22697465.3
9/28/22,97.8,98,96.9,97.4,398,506335,49286653.7
9/27/22,99,99,96.8,97.2,503,451137,43905074.8
9/26/22,99.3,99.5,97.7,98,451,432326,42443836
9/23/22,100,100,98.5,99,417,571566,56687098.1
9/22/22,97.5,100,96.5,99.2,577,613236,60587668.8
9/21/22,100,100,96.4,97,1388,1278826,124985074.7
9/20/22,102,103.5,99,99.5,923,1254574,126169650.3
9/19/22,100,102.25,99.3,101.5,804,777440,78579693.1
9/16/22,100,101,99.5,99.7,598,360342,35996430.4
9/15/22,102.5,103,99.8,100.25,704,667237,67523885.2
9/14/22,103,103,99.9,100.75,478,410673,41414441.25
9/13/22,105.25,106.5,100.75,101.75,492,284925,29344258.75
9/12/22,104.5,106,104.25,105.25,475,383447,40320868.25
9/9/22,102,104.5,101.75,102.75,370,290563,29839256
9/8/22,103,103,100,101,441,359206,36403136.25
9/7/22,101,104,100,100.75,487,580077,58613375.25
9/6/22,102.5,102.5,100,100.75,472,312453,31332444
9/5/22,104,104,100.5,101.25,431,377626,38345995
9/2/22,107,107,102,103.5,513,347265,35910785.25
9/1/22,109.5,110,106,106.75,473,535827,57747989.75
8/31/22,102,107,102,106,719,1161871,122127107.5
8/30/22,98.9,99.9,97,98.9,535,196333,19308076.1
8/29/22,99,101,98.2,98.9,337,147385,14642368.2
8/26/22,98,98.2,94.5,97.8,1062,963103,93492931.4
8/25/22,105,105,100,100.5,738,523092,52979488.25
8/24/22,109,109,104.75,105.75,347,218486,23095303.75
8/23/22,111,113.75,106.25,108.5,679,571325,62891110
8/22/22,106,112,104.5,107.75,858,731833,78097068.75
8/19/22,105,107,103,104.25,413,367787,38431524.75
8/18/22,105,107,101,104.25,688,396573,41250801.5
8/17/22,110,110,102,105,939,965274,102072312.8
8/16/22,115,116,107,108.75,1217,1067484,117134938
8/15/22,123.25,125,110,114.25,2465,4007196,474680889
8/12/22,112.75,120,110,118,1405,3033905,348622518.3
8/10/22,93,113,93,106.25,1569,2022545,210663324.7
8/9/22,92,92.5,89.7,90.4,516,448482,40757394.1
8/8/22,94.9,94.9,90.5,92.7,415,286604,26506801.3
8/5/22,87,97,87,94.8,1119,1638159,153051480.8
8/4/22,86.7,87.9,83,86,404,388342,33288885
8/3/22,85,87.9,84.9,86.1,528,752876,64704936.9
8/2/22,78,84.3,78,82.2,638,883679,72050000.4
8/1/22,73,79.9,73,78.4,640,627431,48527517
7/29/22,72,74,71.3,72.9,227,417010,30333577.5
7/28/22,71,71.9,70,71.7,106,98684,7052521.5
7/27/22,71,72,70.5,71.9,125,202827,14517585.6
7/27/22,71,72,70.5,71.9,125,202827,14517585.6
7/26/22,71.5,72.5,70.8,71.6,176,602461,43150254.7
7/25/22,73.1,73.5,71,72.3,148,795768,57396659.4
7/22/22,73,74.1,70.5,73.8,222,437147,32144069.9
7/21/22,73.3,73.7,71.5,73,315,634344,46117375.6
7/20/22,71.3,74.5,71.3,73,475,883562,64636490.9
7/19/22,70,71.5,69.5,70.7,326,742581,52153489.5
7/18/22,69.5,70,68.5,69.6,515,5148279,357303947.9
7/15/22,64.9,69,64.8,67.4,388,1748689,116274331.9
7/14/22,62.5,64,62,62.9,60,36554,2289992.5
7/12/22,63.7,64.4,62,62.7,135,79793,5070942.5
7/11/22,62.5,63.7,60,62.7,133,49452,3059171.4
7/8/22,62,62,61,61.6,94,58954,3636799.3
7/7/22,61,62.5,59,61.6,177,129485,7878353.3
7/6/22,64.5,64.5,61.1,62.1,181,147045,9254928.8
7/5/22,66,66,63.2,64.2,179,117189,7612050.1
7/4/22,67,67.5,65,66,175,697627,46491851.3
7/1/22,64,67,64,66.2,152,373769,24461742.3
6/30/22,64.8,65,63.3,63.8,167,236612,15104611.9
6/29/22,66,66.9,64,64.8,133,171744,11165770.5
6/28/22,62.2,66,61.5,65,231,291399,18675916.8
6/27/22,63,64.5,63,64,194,340461,21726636.1
6/24/22,62.1,65.7,62.1,65.2,269,420403,26913924.9
6/23/22,61.5,62.5,61.5,62,105,109684,6802123.8
6/22/22,62,63.9,61.5,62,154,109749,6855723.6
6/21/22,62,62.4,60.5,61.2,168,120727,7424263.4
6/20/22,60,62.5,56.1,60.4,284,230268,13724677.7
6/17/22,65,65,58,60.6,461,500598,30878899.7
6/16/22,68,68,65,65.4,183,125872,8265451.7
6/15/22,68.4,68.4,65.5,66.3,138,61256,4065391.7
6/13/22,69.4,70,67.3,68.6,206,490069,33612887.2
6/10/22,69.1,69.1,66,68,295,204201,13886048.5
6/9/22,68,72,67,69.1,454,599490,41274037.2
6/8/22,65,65.9,62,64.8,161,260248,16476713.3
6/7/22,63.5,66,61.5,62.2,256,469847,29224098.3
6/6/22,66.9,66.9,63,63.7,244,957276,61419175.4
6/3/22,67,68,66,66.4,138,71189,4774830.4
6/2/22,68.9,68.9,65.8,66.4,213,85292,5674683.3
6/1/22,66.5,69,66,66.6,256,274943,18337456.2
5/31/22,69,69,66.1,67.8,263,156800,10622133.1
5/30/22,69,70.9,68.5,68.9,205,129501,8937942.7
5/27/22,73,73,68.4,69.6,405,210452,14779239.6
5/26/22,73,73,69.9,71.6,269,242685,17129998.9
5/25/22,74.2,74.2,71.5,72.3,341,154635,11259380.5
5/24/22,75,75,73,74.2,280,339762,25183544.8
5/23/22,75,75,72.5,74.8,666,809882,60294761
5/20/22,74,75,70,72.8,396,817019,59544192.7
5/19/22,74,75,70,70.6,247,166389,11944096.8
5/18/22,76,76,71,73.6,596,596919,44799080.9
5/17/22,74,76,74,75.3,505,522555,39284505.3
5/13/22,70,74,70,73.3,714,824599,59604959.3
5/12/22,65.1,70,65.1,69.8,282,229265,15704359.5
5/9/22,65,66,64,64.4,189,198445,12875386.5
5/6/22,65.8,65.8,59.8,61.5,318,448944,27564496.3
5/5/22,69.1,70,65,65.8,238,189794,12611991
5/4/22,70,70,65,69.2,245,189747,12742219.9
4/29/22,70,71.5,68,69.1,579,696020,48536084.5
4/28/22,64,71,59.6,69.5,695,696248,46613134
4/27/22,50,66,50,62.3,576,562709,32568243.7
4/26/22,55,55,51.1,51.6,199,196562,10367805.1
4/25/22,63,63,56.3,61.9,183,311782,19299438.7
4/8/22,74,74,69.5,70.6,481,1031466,72649801.3
4/7/22,74,74,70.1,71.3,305,391347,28013572.2
4/6/22,79,79,73.5,74,517,684908,51820865.2
4/5/22,78,80,73,78.5,565,720142,54839419.1
4/4/22,71,80,65.5,70.3,523,1283774,89988869.7
4/1/22,75,75.1,72.7,72.9,98,585549,43617229.5
3/31/22,79,79.1,75,76.9,353,595323,45708991.6
3/30/22,88,88,74,80.2,939,1668913,129382262.6
3/29/22,97.5,97.5,87.1,88.6,779,853099,77316546.4
3/28/22,101,101,96.1,96.5,551,377477,36822509.15
3/25/22,101,104.5,100.75,103.75,444,782187,80857892.25
3/24/22,100,101.75,99.2,100,278,734773,73383246.1
3/23/22,101,101,98.6,99.7,324,324528,32244455
3/22/22,101,103.5,99,99,572,913142,91630204.3
3/21/22,99,100,98.2,99,391,407705,40331041.2
3/18/22,99.6,102,97.7,98.6,575,628930,62424649.6
3/16/22,100,100,94.9,98.4,1027,1236023,119793740.8
3/15/22,100,100.25,96.5,97,504,510016,50087226.25
3/14/22,102.5,104.75,100,100.25,385,656222,66820117
3/11/22,110,110,100,102,484,647676,67398938
3/10/22,95,110,95,107.5,640,813158,84214828.4
3/9/22,96,99.8,93,94.5,675,740382,70079286.5
3/8/22,103.5,105,95,95.9,797,636916,63083865.25
3/7/22,105.5,106,99.5,99.9,505,647390,66110819.75
3/4/22,100.25,105,99,104.25,348,733281,75036238.45
3/3/22,104,104,100,100.25,520,275893,27990979.75
3/2/22,107,108,102,103.75,584,405743,42424883.5
2/28/22,103.75,108,101.5,106.5,935,1352045,140664257.5
2/25/22,98,103,97.9,102,808,1141029,115080086.6
2/24/22,102,105,96.5,97.4,1273,1586683,157448258.9
2/23/22,111.25,111.25,97.5,105,1498,1471743,150124901.8
2/22/22,112,115,110,110.75,748,588849,66008822
2/21/22,121,121,110.5,112.25,950,528201,60177835.75
2/18/22,125,125,120.25,121.25,298,126010,15376895
2/17/22,126,126,121.75,123.5,227,146461,18124237.75
2/15/22,127,127,123,125,410,424620,53227732.75
2/14/22,124,126,121,124.5,297,159595,19727665.5
2/11/22,124,124,119.25,122.75,444,452124,55289676.75
2/10/22,120,123,115,119.25,847,979336,117199438
2/9/22,125,127,115,118.25,1091,987418,119306154.3
2/8/22,130,130,123.5,125.25,941,965085,121182551.5
2/7/22,134.75,136,129,130.25,465,345702,45563588.75
2/3/22,130,135,125.75,133.5,772,1367001,179094884.5
2/2/22,134,134,128.25,130,754,1136531,149120696
2/1/22,139,139,132.75,133.75,651,674762,90503489
1/31/22,138,139,135.75,136.75,418,453977,62255019
1/28/22,139.5,140,131.75,137,736,643653,87423806.5
1/27/22,139.25,142.5,133,138.5,968,1556085,215891886.5
1/26/22,144,144,138,141.5,488,635506,89291641.75
1/25/22,147,147.5,141,142.25,565,1017284,146000685.8
1/24/22,138.5,147.5,135,145.25,1133,1566777,221993683.5
1/21/22,140,141.75,138,139.25,599,851382,118843240.8
1/20/22,142.75,143,139.25,139.75,445,668774,93893299.75
1/19/22,146,146,139.75,142.75,682,768605,109052115.3
1/18/22,139.5,146.75,139.5,144.75,883,1661530,240685271
1/13/22,139,140.5,136.5,139.75,731,975466,135371424.5
1/12/22,141,143.5,139,139.5,649,952294,133301110.3
1/11/22,140.75,144.5,138,140.5,1297,2077417,292817727
1/10/22,148.5,149,140,142,1516,1831814,263184291.8
1/7/22,145,151.5,144,147.75,2039,3629039,537980022.3
1/6/22,136,143.75,136,142.75,1902,3196460,446918865.3
1/5/22,132,138.75,132,136.5,1634,2303128,313082555.5
1/4/22,130,132.25,129.25,131,882,1424719,185797636.8
1/3/22,130,132,128.75,129.25,872,828978,107616927.3
12/31/21,131,131.5,129,130,686,1042494,135648849.5
12/30/21,133.25,134,129.75,130.25,600,750847,98382065.25
12/29/21,128,132.75,128,132,889,1358779,177290969.3
12/28/21,129,130,126,126.75,685,392979,50021829.75
12/27/21,129.75,132,128.5,129,688,956867,124211804.5
12/24/21,129.75,129.75,127.75,128.5,425,660481,84826899.75
12/23/21,128,130,125,127.25,1024,1153158,146960232.5
12/22/21,130,131,127.25,128,752,682765,87851516
12/21/21,130.5,130.5,124.5,128.25,1473,2226097,281950323
12/20/21,135,135,130,130.5,1533,1563721,206893289.8
12/17/21,134.25,138,131.25,134,3084,5768037,772280583.8
12/16/21,128,132,126,128.75,3960,31668896,3990572643
12/15/21,119.5,127,117,124.25,1879,3611427,439939918.3
12/14/21,116,119,116,118,1038,2854118,335349095
12/13/21,113,116.75,112,115.25,1259,2530162,290812259.5
12/10/21,105.75,113.75,105.5,110.75,1057,2299135,254905626.3
12/9/21,105.5,108,105,106.25,326,807512,85750374.5
12/8/21,107.5,108,104.5,105.25,297,371127,39193543
12/7/21,107.5,109.75,105.5,106.75,347,633705,68306386.75
12/6/21,105,108,103.75,106.5,376,587720,62234403.5
12/3/21,107,107,103.5,104.5,493,653883,68721100
12/2/21,107,110,106.25,106.75,501,669667,72083581.5
12/1/21,111,113.75,107,108,1257,1937529,213433451.8
11/30/21,109,113,107,110,1968,3313568,366793614
11/29/21,103,106,102,105,825,1386342,144728749.8
11/26/21,99,103,98,102.25,591,725373,73356923.3
11/25/21,96,99,94.9,97.9,356,435627,42171500.1
11/24/21,96,97,95,95.2,655,654018,62538748.4
11/23/21,98.2,98.2,95.9,96.3,608,576071,55672254.8
11/22/21,99.2,99.2,97.1,97.6,442,356673,35076785.2
11/19/21,99.5,102.5,98,99.2,419,621342,62492357.2
11/17/21,96.5,100,95.5,99.3,491,1427311,138626265
11/16/21,97,97,94.5,95.8,610,725242,69264338.4
11/15/21,97.9,98.8,96.5,96.7,552,678638,65992816.8
11/12/21,100,103,98,98.7,681,1049893,104677804.1
11/11/21,100,100,96.1,97.1,613,882881,86503566.4
11/10/21,97.9,100,97,99.7,189,91131,8961673.2
11/9/21,98.9,99.9,97.5,97.8,495,373672,36636270.6
11/8/21,100,100,98.7,98.9,646,588921,58369186
11/5/21,100,101.75,99.4,99.8,604,859492,85661555.3
11/3/21,102.25,103,99.9,100.5,311,556956,56236375.25
11/2/21,102,103.5,99.9,101.75,433,700727,70895976.5
11/1/21,106.5,107,101.5,102.25,281,241523,25061608
10/29/21,105.5,106.5,103.5,105,222,253485,26612405.25
10/28/21,108,108,104.5,105.5,315,1015252,107749853.5
10/27/21,109.75,109.75,105,107,393,306324,32881234.5
10/26/21,104,110.5,103.5,107.5,997,2147429,231190479.5
10/25/21,103,104.5,102.5,103.5,427,1468526,151476606.3
10/22/21,100,104.75,99.6,102.75,453,642318,66073272.4
10/21/21,101,102,99.4,99.8,316,261333,26167856.8
10/18/21,99.4,101.5,99.4,101,252,699594,70117111.05
10/15/21,100,100,99,99.3,798,715858,71290605.1
10/14/21,100.5,102,99.1,99.7,482,785174,78803051.4
10/13/21,102,102,99.5,99.7,901,1119633,111853139.7
10/12/21,102.5,104.5,101.5,102,192,252670,25848820.25
10/11/21,104,105,102,102.25,225,245469,25138556.75
10/8/21,103,105.75,102,104.5,266,507164,51887418
10/7/21,103,103.5,100.5,100.75,498,814668,82262492.25
10/6/21,104,104.5,99.9,101,553,984753,99902474.85
10/5/21,106.75,106.75,103,103.25,298,367306,38173591.75
10/4/21,105.25,107,103,105.25,238,188443,19722572.75
10/1/21,108,108,105,105.25,295,443575,47131245.5
9/30/21,108,108.5,106.5,107.5,340,403512,43330867.25
9/29/21,107.25,109,106.75,107.5,466,920730,99196636.5
9/28/21,107.25,109,106,106.75,641,1497205,161178839.5
9/27/21,103.25,107,102.25,106.5,809,1395548,147583161.5
9/24/21,100.25,103,99.8,101.5,343,658765,66412764.75
9/23/21,99.8,103.5,99,99.9,310,268026,26927781.4
9/22/21,99,99,97,97.4,567,1712592,166751114.7
9/21/21,99.5,99.5,97,97.5,806,856565,83967447.6
9/17/21,102.5,102.5,98.8,99.9,1529,2044527,204097037.8
9/16/21,106.5,107,102.75,103.25,289,306868,32097081.25
9/15/21,104,107,104,105.5,768,2535983,267855385.8
9/14/21,100.5,106.5,100.5,102.5,546,600723,61808528.5
9/13/21,105,105,99.1,100,1070,3649261,368711436.9
9/10/21,109,110,103.75,104.75,621,870399,92163049
9/9/21,105.25,109.75,102,108.25,1126,2085961,221712941.8
9/8/21,110.5,112.25,99.1,103.25,2331,4810545,508821473.2
9/7/21,114,117,110,112.75,1167,2322130,262161515.8
9/6/21,119.5,119.5,115.25,116.25,801,1839152,215908002.3
9/3/21,121,121.25,118,119.75,963,3862630,462158665
9/2/21,121.5,124.75,118.5,119,1407,3142418,381441802
9/1/21,112,124.75,112,119.5,2814,8389743,996534831.5
8/31/21,107,113.5,106.5,110.25,1449,4167824,458753621.3
8/30/21,120,120,107,109.5,2126,5204867,584557614
8/27/21,110.5,119.5,110.5,113.75,4005,14907292,1722178271
8/26/21,95,110,93.5,105.75,4090,11996086,1208551898
8/25/21,92,96.4,89.1,92.3,2917,8183421,763355826.6
8/24/21,82.5,92.5,82.5,88.7,3349,10893702,956868131.6
8/23/21,80,82.4,77.5,81.7,901,3115353,250822682.6
8/20/21,78.6,80.5,77.6,79,474,1103015,87659566
8/19/21,79.5,79.5,77.5,78.2,328,962790,75375484
8/18/21,77.5,81,76.5,79.6,560,2134602,167139728.6
8/17/21,75,77.4,75,77,194,539851,41461353.6
8/16/21,75,76,74,74.7,106,87331,6523183.9
8/13/21,75,77.4,74.8,75.6,295,812738,61348789.9
8/12/21,76,77,73.8,74.4,528,795979,59484725.1
8/11/21,77.2,77.5,76.6,77.2,109,241185,18555389.1
8/10/21,78.5,79,76.5,77,404,1302886,100560131.8
8/9/21,79,79.5,77.8,78.2,234,1280631,100281181.8
8/6/21,78.5,80,77,79.4,319,1051749,82994183.8
8/5/21,81.5,81.5,78.1,79,461,1888961,151145032.9
8/4/21,83,83.9,81.2,82.1,496,1785056,148016909.3
8/3/21,81.1,83,81,82.3,394,2217998,181249616.2
8/2/21,81,81.4,80,80.5,393,1335007,107908286.6
7/30/21,82,82,81,81.3,227,884126,71913138.1
7/29/21,81.8,82.1,81,82,170,433145,35466844.7
7/28/21,81.3,82,81,81.5,269,673794,55035790.9
7/27/21,81.5,82.1,81,81.5,239,436889,35510560.6
7/26/21,84,84.5,81.8,82.1,590,886549,73388132.6
7/22/21,82.2,84.3,82.2,83.9,818,5247220,437714026.4
7/20/21,80,83.3,78.9,82.4,1207,3916927,318748859.2
7/19/21,77.5,79.5,76.9,79.2,437,1659287,130684433.7
7/16/21,77.6,78.2,77,77.4,126,70557,5468203.7
7/15/21,77.9,78.7,77.5,77.6,176,273811,21352877.1
7/14/21,78.6,78.9,77.1,77.8,135,162687,12648955.4
7/13/21,78,78.9,77.5,78.6,246,421842,33064890
7/12/21,76.8,78.1,76.1,78,206,393966,30503310.2
7/9/21,75.6,76.8,75.6,76.6,105,142866,10912252.3
7/8/21,75.5,76,75.5,76,79,121406,9224653.8
7/7/21,75,75.9,75,75.5,59,42213,3181039.1
7/6/21,75.7,76,74.9,75.4,132,238327,17954729
7/5/21,76,76.4,75.5,75.7,121,171533,13006665
7/2/21,75,76,74.4,76,193,291299,21824947.8
7/1/21,74.5,75,74.4,74.5,231,202819,15122408
6/30/21,75.1,76,74.5,74.9,226,837473,62786256.8
6/29/21,76,76.1,75,75.2,262,1445712,108901795.6
6/28/21,77,77,75.5,76.1,126,101111,7691313.6
6/25/21,76.3,77.2,76.2,76.5,110,202311,15561072.9
6/23/21,76,76.9,75.1,76.3,134,121206,9214035.1
6/22/21,77.7,77.7,76,76.6,120,63527,4875763.8
6/21/21,79.2,79.2,77.4,77.6,132,59197,4613944.9
6/18/21,79.8,80.4,78.8,79.3,450,633379,50492461.3
6/17/21,77.9,79.8,77.5,78.8,633,1165066,91453407.9
6/16/21,75.3,78.3,75.3,77.6,267,528800,40977616.3
6/15/21,75,75.6,74.9,75.1,292,730999,54873509.3
6/14/21,76.5,76.5,74.5,75.2,346,1014957,76137774.1
6/11/21,77,78,75.5,75.8,369,787261,60086269.8
6/10/21,76.4,78,76.2,77.3,259,742378,57466907.2
6/9/21,76.8,76.8,76.2,76.5,190,352970,26977662.3
6/8/21,77.1,77.5,76.1,76.3,290,352570,26982761.4
6/7/21,77.9,77.9,76.8,77,249,411417,31717571.3
6/4/21,78.3,79.5,77.4,77.6,196,344339,26869972.5
6/3/21,76,78.7,75.9,78.3,377,706029,54956223
6/2/21,76.9,77,75.5,75.9,198,261325,19858681.1
6/1/21,75.5,77,74.9,76.9,346,1254560,94839569.5
5/31/21,76.5,77,75,75.2,438,508779,38425435.3
5/28/21,76.8,76.8,75.4,75.9,230,204139,15468686.4
5/25/21,76,76,74.9,75,253,214367,16087723.1
5/24/21,76,77,74.3,75,513,655232,49264088.3
5/21/21,78.1,78.1,74.7,75.7,645,763608,57842275.7
5/20/21,79.9,79.9,77.5,78,625,1286295,100973193.7
5/19/21,80.6,80.8,77.8,78.4,368,837810,66622072.4
5/18/21,81,81,79.2,79.9,394,1215357,97235931
5/17/21,79.1,80.9,79.1,80.4,605,2012800,161350966.7
5/13/21,77,79.3,77,78.8,171,211671,16614610.4
5/12/21,77.6,79.2,77.3,77.8,271,352430,27630164.6
5/11/21,78,79.1,77.6,78,235,388056,30298751.5
5/10/21,80,80.5,76.1,77.2,717,2301293,181233691.9
5/7/21,76.3,80,75.5,79.6,826,2081544,164146462.8
5/6/21,75.3,76.8,75.1,75.7,305,492430,37408775.7
5/5/21,73.8,75.4,73.8,74.9,123,130186,9704470.9
5/4/21,75.2,75.2,73.5,73.8,297,554940,41328208.9
5/3/21,76,76,74.5,75.1,258,538519,40399828.1
4/30/21,75.5,76.6,74.7,76.3,156,170923,12932498.5
4/29/21,77.6,78.2,74.5,76.1,321,536425,40834404.2
4/28/21,72.2,78.2,72.2,77.4,784,1464933,110212485.1
4/27/21,72.7,74.9,72.3,72.5,676,1011584,73805869.5
4/23/21,73,76.5,71.6,73.7,662,946704,69987596.1
4/22/21,78.5,78.5,75,76.2,830,1474431,112696063.9
4/21/21,76,79.5,74.9,78.4,1278,3594985,277478801.2
4/20/21,82.9,82.9,75.6,76.7,2009,4989167,391843362.5
4/19/21,84.7,84.7,82,83.1,810,2050001,170501456.2
4/16/21,84.5,85.3,81.5,84.8,1705,5613799,469493570.7
4/15/21,82.5,85.4,82.5,84.2,1555,5043649,426024372.3
4/12/21,76.5,82.1,76.5,81.4,1863,4504441,359942790.8
4/9/21,73.5,77.7,73.5,75.9,975,3377177,257091722.1
4/8/21,71,74.6,70.5,73.9,654,1143019,83718547.8
4/7/21,75,76,72,73.2,1329,3822882,283307328.1
4/6/21,68,75,67.9,74,1879,5348196,385571765.5
4/5/21,64.7,69.4,64.2,67.4,1141,2773511,186192686.1
4/1/21,61.6,64.3,61.1,63.4,610,1208041,75984293.8
3/31/21,59,61.5,58,60.8,477,1107321,66549712.4
3/30/21,59.5,59.5,58.1,58.7,233,825779,50130025.1
3/29/21,58.2,59.8,57.7,59.3,239,750354,44481255.4
3/26/21,56,59.5,56,58.6,344,3126840,186166670.4
3/25/21,59,59,56,57.1,306,658679,38042900.4
3/24/21,54.5,59,54.1,58.3,531,1301528,74698645.1
3/23/21,55,55.7,54,55.1,277,341542,18754205.6
3/22/21,53,55.3,53,54.5,311,524462,28630893.7
3/19/21,53.6,54,52.1,52.9,283,401412,21239528.6
3/18/21,56,56,53.4,53.6,427,1467283,79007708.1
3/17/21,57,57,54.6,55,401,1119151,61610827.8
3/16/21,59,59,54.2,56.3,572,619447,34520070.7
3/15/21,60.9,60.9,58,58.7,334,490587,29135028.3
3/12/21,60,62,60,60.7,281,400686,24402828.4
3/10/21,60.1,61,58.5,59.3,262,280226,16652369.5
3/9/21,62.3,65,58.7,60.5,828,2516546,157117951.6
3/8/21,56,61.2,54.9,60.4,948,2344516,138132322.1
3/5/21,53.6,55.5,52,54.5,595,1625088,87692522.8
3/4/21,55.2,57.4,52,52.5,613,2171484,117478464.4
3/3/21,57,58,52.2,54.6,699,1666792,91651970
3/2/21,61,61,57,57.7,787,1306121,75891758.6
3/1/21,61.8,63.1,60.1,60.6,379,583558,35972378.3
2/25/21,64,64,60,62,485,989490,61234042.6
2/24/21,60,65.4,59,61.3,559,1204036,75722782.7
2/23/21,65,65,57,60.5,842,1201078,73834920.4
2/22/21,70,70,65.7,66,583,961304,64111748.7
2/19/21,73.5,74,66,70.1,690,675775,48001594.7
2/18/21,72.1,74.8,70.5,73.1,1130,1955138,142181096.5
2/17/21,65.5,71,62,68.8,1150,2989810,200678911.3
2/16/21,70,73,64.3,65.5,1927,3688484,249694149.7
2/10/21,740,740,650.25,680.5,1021,350977,244852357
2/9/21,780,780,730,746.5,572,149470,111096911.3
2/8/21,791,805,770,776,965,268159,211484144.8
2/5/21,749,790,735,781.75,577,285188,217730212.5
2/3/21,730,755,700,734.5,613,206289,151468035.5
2/2/21,772,799,650,711.25,934,426133,314565257
2/1/21,772,772,731,741.5,678,326743,244830858
1/29/21,810,815,755.5,772,600,298588,234709721.3
1/27/21,795,820,780,802.25,724,341165,272565062.5
1/26/21,798.75,839,789,792,1254,585754,470438749.8
1/25/21,749,799.75,720,793,1330,731703,566062407.3
1/22/21,800,810,735,752,1642,524195,399967523
1/21/21,720,860,630,780,2941,1833706,1307248420
1/20/21,499.75,600,495,577.5,1425,1095413,586630443.3
1/19/21,500,510,480.25,497.5,317,371424,185262763.3
1/18/21,500,514.75,491.25,498.25,462,508894,254377112
1/15/21,471,499.5,471,491.25,581,559479,273242288.3
1/13/21,455,490,455,470.25,426,374957,177870800.8
1/12/21,430,456,430,452.5,701,1065481,472196122.3
1/11/21,420,427.75,415.25,425.75,344,717851,304779576.5
1/8/21,419,419,415,416.75,81,26420,11004677.25
1/7/21,425,425,415,417.9,266,153871,64423754.6
1/6/21,425,430,421,426,356,483880,206381287.8
1/5/21,416,420.5,414,419.2,233,237896,99407115.6
1/4/21,415,416.9,410.1,415.2,259,146804,60944744
12/31/20,419.1,420,413.9,414.5,393,138841,57656114.7
12/30/20,423,425.5,415,418.5,389,151733,63614430.9
12/28/20,410,425,408,422.8,513,213031,88380048.7
12/24/20,390,410,390,407.3,773,2289325,908154278.6
12/23/20,385,390,382,386,39,13011,5036913.9
12/22/20,389.3,390,385,388,48,13561,5257285.9
12/21/20,381.3,391,378,385.5,78,36746,14301656.8
12/18/20,389.5,389.5,381.1,385.1,42,22499,8676267.3
12/17/20,390.1,392,385,388.2,89,48714,18943738
12/16/20,391.5,392,387.9,390,106,58636,22900446
12/15/20,389,393,388.5,391.5,142,57045,22292160.8
12/14/20,370,397,368,388.7,308,296770,112892288.3
12/11/20,375,375,370,373,128,46608,17357003.8
12/10/20,377.5,378,372,373,125,41833,15674623.6
12/9/20,376.5,382,372,373.8,197,87708,33019980.9
12/8/20,375,378,375,376.2,113,33425,12578106.5
12/7/20,382.1,383,371,377.7,118,35894,13625403.8
12/4/20,387,387,380,380.9,167,165954,63407136.3
12/3/20,387.2,387.3,380.1,383.4,148,41438,15937880.7
12/2/20,387.5,389,385,387,119,57434,22242276.2
12/1/20,385,388,385,387.7,180,128457,49776361.1
11/30/20,388,388,383.5,385,195,56336,21736430.1
11/27/20,387,387.9,385,385.3,143,31680,12246752.8
11/26/20,385,390,380,384.6,235,119800,46242300
11/25/20,369.5,395,369.5,383.5,353,95481,36639106.3
11/24/20,360,369.5,359.2,360.3,170,66041,23781157.3
11/23/20,365,365,358.1,359.2,86,40258,14500778.5
11/20/20,365,365,362,364,58,6806,2473338.2
11/19/20,370,370,361,362.4,104,59686,21607355
11/18/20,375,378,360.2,365.8,134,19981,7382150.2
11/17/20,365,374,365,373.4,171,72971,26972458.6
11/16/20,369.5,370,360,364.9,113,38722,14005231.7
11/13/20,380,380,368,370.7,167,40660,15061619.5
11/12/20,385,385,374,378,160,30077,11409058.5
11/11/20,390,391,356,383.5,696,477913,180359979.8
11/10/20,448,448,379,384.6,1237,484047,195274604.5
11/9/20,450,450,421,439.5,724,497563,218852725.5
11/6/20,410,445,410,427.7,1166,1046294,444515139.7
11/5/20,340,395,340,378.4,979,1175121,438159736.4
11/4/20,339.9,340,330,335.2,96,45157,15194277.1
11/3/20,310,335,309.5,331.1,188,96744,31421918.1
11/2/20,305,313.3,300,308.9,53,23860,7356339.6
10/29/20,299.5,317.5,299.5,313.7,92,37242,11563470.2
10/28/20,308,308,290,292.5,109,30509,9053487.1
10/27/20,304.1,305,300,300.7,75,25349,7635241.2
10/26/20,298,306.3,290,300.7,116,67306,20064318.4
10/23/20,320,320,304,308.7,105,25153,7792474.6
10/22/20,290,320,281,310.5,254,87889,27237293.1
10/21/20,325,326,290,294.8,431,176212,53415645.5
10/20/20,329.9,333.8,310,325.7,237,78521,25221907.8
10/19/20,343.3,345,300,327.3,160,35034,11729341.2
10/16/20,351.7,351.7,332,343.3,184,59260,20265051.1
10/15/20,350,375,340,351.7,475,192033,69040280.8
10/14/20,273,335,273,319.5,485,241283,74204103.7
10/13/20,270,273.9,267,271.5,84,46589,12593674.7
10/12/20,269.9,272,265,269.9,56,38598,10422445.8
10/9/20,260,269.9,260,260.9,76,29719,7796842.1
10/8/20,260,266.9,259,260.1,88,22786,5947446.8
10/7/20,249,264.8,244,254.3,128,43396,11133116
10/6/20,250,279,242,249.1,198,49523,12422874.4
10/5/20,270,274,251,255.4,219,151259,39752025.6
10/2/20,280,288.9,277.8,284.5,59,19804,5600654.9
9/30/20,280,290,275,279.9,99,41921,11747441.8
9/29/20,294.9,294.9,275,288.4,102,26752,7731294
9/28/20,270,294.9,270,286.8,174,45743,12867322.4
9/25/20,269.9,270,265.4,268.7,60,14257,3835250
9/24/20,264.9,270,263.6,267.8,87,37005,9895128.3
9/23/20,261,265,250,259.4,115,59453,15186672.1
9/22/20,239,270,239,259.9,338,133750,34306763.2
9/21/20,230,236.4,224.3,234.8,92,2031566,467322858.9
9/18/20,230,230,222,224.3,59,15827,3564418.6
9/17/20,235,235,222,227.8,63,17614,4032326.2
9/16/20,235,237,230,232.4,58,9696,2268035.3
9/15/20,214.4,230,214.4,227.1,176,123580,27699237.5
9/14/20,207.5,214,207.5,213.6,70,59201,12474674
9/11/20,205,209.5,205,207.6,29,22117,4574391.4
9/10/20,205,207.8,204,207,43,81963,16947999.5
9/9/20,196,206,196,203.8,91,125913,25415341.7
9/8/20,190.1,205,190.1,199.9,82,56240,11237478.5
9/7/20,190,193,189.9,192.7,29,30824,5931803.9
9/4/20,189.9,193,189.1,192.3,26,6839,1305581.2
9/3/20,193,193,189,189.6,20,5525,1046654
9/2/20,193,193,188,190.2,17,8978,1706495.4
8/31/20,185.1,194.8,185.1,187.5,27,7959,1490924.3
8/28/20,183,186.4,183,185,38,17186,3174858.5
8/27/20,184.9,184.9,183,183.7,29,8313,1526671.5
8/26/20,183.5,185,182.9,184.1,36,9324,1709095.4
8/25/20,188,188,185,186,21,9366,1733803
8/24/20,186.6,188,185,185.7,31,5187,963248.9
8/21/20,183,187.5,183,186.6,37,13252,2460064
8/20/20,182,192,179,187.2,107,50935,9244729.7
8/19/20,190,190,177,181.5,83,15005,2782505
8/18/20,194,194,189,189.9,42,26738,5095928.2
8/17/20,200,200.1,189.9,193,170,157958,31377759.8
8/14/20,200,202.5,193,200.8,194,130851,26052359
8/13/20,175.1,199,175.1,192.6,196,80624,15122528.2
8/12/20,167,174.9,165,172.1,66,41655,7094303
8/11/20,166,166.8,162.5,165.6,27,4250,704112.5
8/10/20,162,167,162,166.2,41,34045,5617389.1
8/7/20,162.9,167,162.9,166.2,68,53009,8708023.7
8/6/20,158.2,162.9,158.1,162.2,29,17446,2767086.5
8/5/20,158.9,162,158.9,160,22,30253,4812997.9
8/4/20,158.5,159.9,158,158.8,42,36692,5822091.7
7/31/20,158.4,159,156,157.9,18,2704,428219.9
7/30/20,160,160,156,156.5,31,1814,286402.4
7/29/20,159.9,160,157,157,10,4155,660321.1
7/28/20,156.1,160,155.2,159.2,18,654,104065
7/27/20,160.1,161,157,158,63,28976,4594807.5
7/24/20,162,165,160,162.1,66,47916,7726613
7/23/20,150,164.4,150,161.1,112,40000,6198258
7/22/20,142,150,142,150,119,30872,4590993.9
7/21/20,145,145,137,139.9,42,68113,9523071.1
7/20/20,136,140,135,138.5,22,11630,1590650.5
7/17/20,135,135.2,135,135.2,5,2950,398340
7/16/20,133.5,134.9,131,134.8,13,39305,5250585.5
7/15/20,133,134.5,130.5,133.5,20,15205,2029122.8
7/14/20,130.3,134.5,130.3,134.5,10,6845,917898.6
7/13/20,131.1,132,130,130.1,20,5408,705201.1
7/10/20,135,135,130,132.8,38,29650,3861276.4
7/9/20,136,136,135,135,8,1092,148131.7
7/8/20,135,135,132,132.6,39,57579,7637690.5
7/7/20,134,135,134,135,9,40111,5409985
7/6/20,131,133,130,131.3,47,33608,4392724
7/3/20,133,133,131.5,132,27,15289,2019515.7
7/2/20,133.1,138.9,132,133,45,20361,2691181
7/1/20,139,139,136,137.5,9,1480,203658.5
6/30/20,137,138.9,135,135,19,53085,7174245.4
6/29/20,139,139,136.2,137.9,6,580,79957.7
6/26/20,136.2,138.9,136.2,138.7,6,441,60677.6
6/25/20,139.4,139.4,137.5,137.5,30,9518,1321072.1
6/24/20,137.9,140,136.5,137.3,18,1650,229924.5
6/23/20,129.8,135.1,129.8,134.8,60,104228,13619605
6/22/20,129.8,129.8,128.2,128.6,47,10771,1386398.1
6/19/20,129.5,129.5,128.1,128.2,46,8174,1052490.4
6/18/20,129,129,128.9,128.9,55,7471,963728.5
6/17/20,127.5,129.5,127.5,128.1,42,28509,3674776
6/16/20,129,129,128,129,22,2024,260346
6/15/20,128.8,129,128.8,129,10,242,31217.8
6/12/20,129.8,129.8,127,129,41,7786,998959.9
6/11/20,129.8,129.8,129.8,129.8,16,925,120065
6/10/20,130,130,129,129.4,37,3899,504975.3
6/9/20,130,130,128.2,129.8,63,70747,9196772.9
6/8/20,130,130,128.1,130,14,396,51394.5
6/4/20,130,130,130,130,19,29248,3802240
6/3/20,130,130,129.7,130,6,4241,551327
6/2/20,130,130,129.6,130,33,6119,795326.9
6/1/20,130.4,130.4,130,130,22,1392,181112.3
5/29/20,134,134,130.1,130.4,24,4215,550771.5
5/28/20,134,134,133,133,15,1487,197785
5/27/20,130.1,130.1,130,130,32,10260,1333911
5/26/20,133,134,130,131.2,34,3506,459434
5/22/20,135,135,134.8,134.9,11,2040,275247.3
5/21/20,137,137,134,134.4,19,1719,233050.7
5/20/20,136,138,130,130.2,18,2822,373764.9
5/19/20,134,135,130,131.4,25,5392,711937.6
5/18/20,131,135,130,130.9,34,4908,646344.1
5/15/20,130,133,126,129.8,38,3869,502825.1
5/14/20,125,130,123,125,29,31558,3942739.3
5/13/20,120,130,119,124.3,13,231,28436.5
5/12/20,115,115,107,109.7,49,20043,2247232.1
5/11/20,120,120,120,120,8,470,56400
3/20/20,124,124,123,123.6,11,3350,414163.2
3/13/20,131.5,139.5,123.5,134,71,5342,694555.1
3/12/20,133,140,131,132.8,50,7883,1043543
3/11/20,135.1,165,135.1,140,19,9322,1306768.9
3/10/20,143,143,131,135.1,53,17540,2398787.1
3/6/20,150,150,142,142.7,39,6767,983565
3/5/20,153,155,150,150,28,6473,971750.7
3/4/20,155,155,153,153.7,13,1251,192681.2
3/3/20,157.5,157.5,156,156.2,17,3219,505517
3/2/20,155,157.5,155,155.1,6,465,72110.4
2/28/20,154.9,154.9,154.9,154.9,2,210,32529
2/27/20,158.6,158.6,157.5,157.5,3,3410,537086
2/26/20,158.6,160,157.1,158.7,12,212,33634.8
2/25/20,159.6,159.6,158,158.6,10,250,39602.6
2/24/20,,,,160,1,307051,49128160
2/20/20,161,162,160,160,18,5061,809970
2/19/20,160,161,160,161,8,313,50261.3
2/18/20,161.8,169,160,160,38,1780,287733.5
2/17/20,160,161,159,159.6,13,1021,163089.5
2/14/20,162,163,160,160,23,1334,214147
2/13/20,160,160,156.5,156.6,7,4981,794422
2/12/20,160,160.5,157,160,11,5247,839462.6
2/11/20,157,160,157,160,10,958,153268
2/10/20,162,162,159,159.3,23,782,125297.1
2/7/20,161.5,162,160.3,161.2,6,210,33847.1
2/6/20,163.7,165,161.5,164.6,12,1834,302423.5
2/5/20,163.7,163.7,163.7,163.1,2,95,15551.5
2/3/20,160,163.7,160,163.1,5,55,8875.5
1/31/20,160.2,163.5,160,163.1,8,1989,324387
1/29/20,157,163.6,157,163.6,7,532,86907.6
1/28/20,157,164.9,156,156.2,15,2907,453964.5
1/27/20,163,163,155,158.1,22,9548,1495704
1/24/20,164.8,165,163,164.5,9,1255,206940.1
1/23/20,162.2,164.9,162.2,164.8,3,308,50767.6
1/22/20,169.8,169.8,162.2,162.3,12,1140,186076.8
1/21/20,165,169.7,165,165.4,3,115,19017.3
1/20/20,162,162,162,162.1,2,12,1944
1/14/20,163,169.8,162,162.1,3,104,16858.8
1/13/20,169.9,169.9,169.9,163.7,1,2,339.8
1/9/20,160,164.9,160,163.7,11,8860,1450395
1/8/20,165.5,165.5,160,160,31,14787,2369582.8
1/7/20,166.6,166.6,166.5,166.5,13,4802,799533.2
1/6/20,169.8,169.8,169.8,170.7,1,5,849
1/3/20,170.5,171,170,170.7,31,9903,1690389
1/2/20,173.9,173.9,173.9,174.9,1,30,5217
